{"cameraMode":{"drawMode":0,"name":"Shaded","section":"Shading Mode"},"sceneLighting":true,"audioPlay":false,"sceneViewState":{"m_AlwaysRefresh":false,"showFog":true,"showSkybox":true,"showFlares":true,"showImageEffects":true,"showParticleSystems":true,"showVisualEffectGraphs":true,"m_FxEnabled":true},"in2DMode":false,"pivot":{"x":-3.849327564239502,"y":3.3850014209747316,"z":-0.8346052169799805},"rotation":{"x":0.0023397444747388365,"y":-0.9976548552513123,"z":-0.052116431295871738,"w":-0.04494859650731087},"size":2.332907199859619,"orthographic":false}